"sku","brand","title","categoryPath","url","hans","mpn","eans","description","price","paymentCosts_paypal","deliveryCosts_dhl","delivery","fulfillmentType","conditionType","imageUrls"
"MSBNB6225A","ATN","ATN BinoX 6 Dual 256-4K","Wärmebild-Nachtsicht-Ferngläser","https://anblick.de/shop/ATN-BinoX-6-Dual-256-4K-p796040081","MSBNB6225A","MSBNB6225A","3800236903710","Im Kern steht ATNs leistungsstärkste Technologie , die wir je entwickelt haben. Mit dem 6. Generation Thermal-Engine und einem 12-μm-VOx-Sensor – erhältlich in drei Konfigurationen: 256×192 mit einer Empfindlichkeit von ≤20 mK 384×288 mit einer Empfindlichkeit von ≤15 mK 640×512 mit einer Empfindlichkeit von ≤15 mK liefert das System herausragende thermische Klarheit und zuverlässige Wärmeerkennung unter verschiedensten Bedingungen. Eine hochtransparente Germaniumlinse und die Wide Dynamic Range-Bildverarbeitung machen selbst kleinste Wärmesignaturen in dichtem Gestrüpp, Rauch oder kontrastarmen Szenen sichtbar. Tagsüber überzeugt das Gerät mit lebendigen Bildern über einen 1,8″ 4K (3840×2160) CMOS-Sensor , während bei Nacht der integrierte IR-Strahler eine Sichtweite von bis zu 350 m ermöglicht – ohne die Tarnung zu gefährden. Für maximale Vielseitigkeit verfügt das Binox 6 Dual über Picture-in-Picture und Dual-View-Switching-Technologie , die es ermöglichen, thermische Ziele heranzuz","1499.00","0.00","0.00","Lieferung in 1-3 Werktagen","Paketdienst","NEW","https://d2j6dbq0eux0bg.cloudfront.net/images/125584354/products/796040081/5370480497.png; https://d2j6dbq0eux0bg.cloudfront.net/images/125584354/products/796040081/5370489819.png; https://d2j6dbq0eux0bg.cloudfront.net/images/125584354/products/796040081/5370478989.png; https://d2j6dbq0eux0bg.cloudfront.net/images/125584354/products/796040081/5370492253.png"
"MSBNB6335A","ATN","ATN BinoX 6 Dual 384-4K","Wärmebild-Nachtsicht-Ferngläser","https://anblick.de/shop/ATN-BinoX-6-Dual-384-4K-p796048288","MSBNB6335A","MSBNB6335A","3800236903727","Im Kern steht ATNs leistungsstärkste Technologie , die wir je entwickelt haben. Mit dem 6. Generation Thermal-Engine und einem 12-μm-VOx-Sensor – erhältlich in drei Konfigurationen: 256×192 mit einer Empfindlichkeit von ≤20 mK 384×288 mit einer Empfindlichkeit von ≤15 mK 640×512 mit einer Empfindlichkeit von ≤15 mK liefert das System herausragende thermische Klarheit und zuverlässige Wärmeerkennung unter verschiedensten Bedingungen. Eine hochtransparente Germaniumlinse und die Wide Dynamic Range-Bildverarbeitung machen selbst kleinste Wärmesignaturen in dichtem Gestrüpp, Rauch oder kontrastarmen Szenen sichtbar. Tagsüber überzeugt das Gerät mit lebendigen Bildern über einen 1,8″ 4K (3840×2160) CMOS-Sensor , während bei Nacht der integrierte IR-Strahler eine Sichtweite von bis zu 350 m ermöglicht – ohne die Tarnung zu gefährden. Für maximale Vielseitigkeit verfügt das Binox 6 Dual über Picture-in-Picture und Dual-View-Switching-Technologie , die es ermöglichen, thermische Ziele heranzuz","2499.00","0.00","0.00","Lieferung in 1-3 Werktagen","Paketdienst","NEW","https://d2j6dbq0eux0bg.cloudfront.net/images/125584354/products/796048288/5370489843.png; https://d2j6dbq0eux0bg.cloudfront.net/images/125584354/products/796048288/5370492277.png; https://d2j6dbq0eux0bg.cloudfront.net/images/125584354/products/796048288/5370489849.png; https://d2j6dbq0eux0bg.cloudfront.net/images/125584354/products/796048288/5370492283.png"
"MSBNB6635A","ATN","ATN BinoX 6 Dual 640-4K","Wärmebild-Nachtsicht-Ferngläser","https://anblick.de/shop/ATN-BinoX-6-Dual-640-4K-p793460148","MSBNB6635A","MSBNB6635A","3800236903734","Im Kern steht ATNs leistungsstärkste Technologie , die wir je entwickelt haben. Mit dem 6. Generation Thermal-Engine und einem 12-μm-VOx-Sensor – erhältlich in drei Konfigurationen: 256×192 mit einer Empfindlichkeit von ≤20 mK 384×288 mit einer Empfindlichkeit von ≤15 mK 640×512 mit einer Empfindlichkeit von ≤15 mK liefert das System herausragende thermische Klarheit und zuverlässige Wärmeerkennung unter verschiedensten Bedingungen. Eine hochtransparente Germaniumlinse und die Wide Dynamic Range-Bildverarbeitung machen selbst kleinste Wärmesignaturen in dichtem Gestrüpp, Rauch oder kontrastarmen Szenen sichtbar. Tagsüber überzeugt das Gerät mit lebendigen Bildern über einen 1,8″ 4K (3840×2160) CMOS-Sensor , während bei Nacht der integrierte IR-Strahler eine Sichtweite von bis zu 350 m ermöglicht – ohne die Tarnung zu gefährden. Für maximale Vielseitigkeit verfügt das Binox 6 Dual über Picture-in-Picture und Dual-View-Switching-Technologie , die es ermöglichen, thermische Ziele heranzuz","2999.00","0.00","0.00","Lieferung in 1-3 Werktagen","Paketdienst","NEW","https://d2j6dbq0eux0bg.cloudfront.net/images/125584354/products/793460148/5331865914.png; https://d2j6dbq0eux0bg.cloudfront.net/images/125584354/products/793460148/5331868663.png; https://d2j6dbq0eux0bg.cloudfront.net/images/125584354/products/793460148/5331868657.png; https://d2j6dbq0eux0bg.cloudfront.net/images/125584354/products/793460148/5370489903.png; https://d2j6dbq0eux0bg.cloudfront.net/images/125584354/products/793460148/5370489909.png"
"TIMNBLH335","ATN","ATN BlazeHunter 335","Wärmebildkameras","https://anblick.de/shop/ATN-BlazeHunter-335-p796057841","TIMNBLH335","TIMNBLH335","","PRO-GRADE BILDSENSOR Ausgestattet mit einem ungekühlten Vanadiumoxid-Brennweitendetektor mit NETD Videoaufnahme: Nehmen Sie Ihre thermischen Beobachtungen mit hochwertiger Videoaufnahme auf und erleben Sie sie erneut, perfekt für die Verbesserung Ihrer Jagd- und Pfadfinderausflüge. Großes, vollfarbiges High-Definition-OLED-Display. Mit einem großen 0,41 Zoll OLED-Display mit einer Auflösung von 1440 x 1080 liefert der BlazeHunter die doppelte Pixeldichte anderer Zuschauer, um sicherzustellen, dass jedes Detail scharf und kristallklar ist und Ihnen in jeder Situation den Vorteil bietet. Lange Akkulaufzeit: Das austauschbare Akku-Design von BlazeHunter mit zwei wiederaufladbaren Batterien und einem Ladegerät bietet Benutzern bis zu 14 Stunden ununterbrochenen Betrieb – perfekt für ausgedehnte Abenteuer oder lange Jagden. Mehrere Betrachtungsmodi: Passen Sie Ihre Ansicht mit sechs verschiedenen Farbpaletten an: Weiß heiß, schwarz heiß, hochrot, eisenrot, grün heiß und Sepia – zugeschnitte","1299.00","0.00","0.00","Lieferung in 1-3 Werktagen","Paketdienst","NEW","https://d2j6dbq0eux0bg.cloudfront.net/images/125584354/products/796057841/5513811033.png; https://d2j6dbq0eux0bg.cloudfront.net/images/125584354/products/796057841/5370697850.png; https://d2j6dbq0eux0bg.cloudfront.net/images/125584354/products/796057841/5370706758.png; https://d2j6dbq0eux0bg.cloudfront.net/images/125584354/products/796057841/5370693407.png; https://d2j6dbq0eux0bg.cloudfront.net/images/125584354/products/796057841/5370693413.png; https://d2j6dbq0eux0bg.cloudfront.net/images/125584354/products/796057841/5370697844.png; https://d2j6dbq0eux0bg.cloudfront.net/images/125584354/products/796057841/5370693419.png; https://d2j6dbq0eux0bg.cloudfront.net/images/125584354/products/796057841/5370695846.png; https://d2j6dbq0eux0bg.cloudfront.net/images/125584354/products/796057841/5370693425.png; https://d2j6dbq0eux0bg.cloudfront.net/images/125584354/products/796057841/5370695852.png; https://d2j6dbq0eux0bg.cloudfront.net/images/125584354/products/796057841/5370695858.png; https://d2j6dbq0eux0bg.cloudfront.net/images/125584354/products/796057841/5370756478.png"
"TIMNBLH335LRF","ATN","ATN BlazeHunter 335 LRF","Wärmebildkameras","https://anblick.de/shop/ATN-BlazeHunter-335-LRF-p796059099","TIMNBLH335LRF","TIMNBLH335LRF","3800236903154","PRO-GRADE BILDSENSOR Ausgestattet mit einem ungekühlten Vanadiumoxid-Brennweitendetektor mit NETD Videoaufnahme: Nehmen Sie Ihre thermischen Beobachtungen mit hochwertiger Videoaufnahme auf und erleben Sie sie erneut, perfekt für die Verbesserung Ihrer Jagd- und Pfadfinderausflüge. Großes, vollfarbiges High-Definition-OLED-Display. Mit einem großen 0,41 Zoll OLED-Display mit einer Auflösung von 1440 x 1080 liefert der BlazeHunter die doppelte Pixeldichte anderer Zuschauer, um sicherzustellen, dass jedes Detail scharf und kristallklar ist und Ihnen in jeder Situation den Vorteil bietet. Lange Akkulaufzeit: Das austauschbare Akku-Design von BlazeHunter mit zwei wiederaufladbaren Batterien und einem Ladegerät bietet Benutzern bis zu 14 Stunden ununterbrochenen Betrieb – perfekt für ausgedehnte Abenteuer oder lange Jagden. Mehrere Betrachtungsmodi: Passen Sie Ihre Ansicht mit sechs verschiedenen Farbpaletten an: Weiß heiß, schwarz heiß, hochrot, eisenrot, grün heiß und Sepia – zugeschnitte","1399.00","0.00","0.00","Lieferung in 1-3 Werktagen","Paketdienst","NEW","https://d2j6dbq0eux0bg.cloudfront.net/images/125584354/products/796059099/5370706944.png; https://d2j6dbq0eux0bg.cloudfront.net/images/125584354/products/796059099/5370706728.png; https://d2j6dbq0eux0bg.cloudfront.net/images/125584354/products/796059099/5370706692.png; https://d2j6dbq0eux0bg.cloudfront.net/images/125584354/products/796059099/5370706950.png; https://d2j6dbq0eux0bg.cloudfront.net/images/125584354/products/796059099/5370706704.png; https://d2j6dbq0eux0bg.cloudfront.net/images/125584354/products/796059099/5370706962.png; https://d2j6dbq0eux0bg.cloudfront.net/images/125584354/products/796059099/5370706710.png; https://d2j6dbq0eux0bg.cloudfront.net/images/125584354/products/796059099/5370710531.png; https://d2j6dbq0eux0bg.cloudfront.net/images/125584354/products/796059099/5370706716.png; https://d2j6dbq0eux0bg.cloudfront.net/images/125584354/products/796059099/5370706968.png; https://d2j6dbq0eux0bg.cloudfront.net/images/125584354/products/796059099/5370764393.png"
"TIMNBLH635LRF","ATN","ATN BlazeHunter 635LRF","Wärmebildkameras","https://anblick.de/shop/ATN-BlazeHunter-635LRF-p793905011","TIMNBLH635LRF","TIMNBLH635LRF","3800236903161","PRO-GRADE BILDSENSOR Ausgestattet mit einem ungekühlten Vanadiumoxid-Brennweitendetektor mit NETD Videoaufnahme: Nehmen Sie Ihre thermischen Beobachtungen mit hochwertiger Videoaufnahme auf und erleben Sie sie erneut, perfekt für die Verbesserung Ihrer Jagd- und Pfadfinderausflüge. Großes, vollfarbiges High-Definition-OLED-Display. Mit einem großen 0,41 Zoll OLED-Display mit einer Auflösung von 1440 x 1080 liefert der BlazeHunter die doppelte Pixeldichte anderer Zuschauer, um sicherzustellen, dass jedes Detail scharf und kristallklar ist und Ihnen in jeder Situation den Vorteil bietet. Lange Akkulaufzeit: Das austauschbare Akku-Design von BlazeHunter mit zwei wiederaufladbaren Batterien und einem Ladegerät bietet Benutzern bis zu 14 Stunden ununterbrochenen Betrieb – perfekt für ausgedehnte Abenteuer oder lange Jagden. Mehrere Betrachtungsmodi: Passen Sie Ihre Ansicht mit sechs verschiedenen Farbpaletten an: Weiß heiß, schwarz heiß, hochrot, eisenrot, grün heiß und Sepia – zugeschnitte","1849.00","0.00","0.00","Lieferung in 1-3 Werktagen","Paketdienst","NEW","https://d2j6dbq0eux0bg.cloudfront.net/images/125584354/products/793905011/5341138299.png; https://d2j6dbq0eux0bg.cloudfront.net/images/125584354/products/793905011/5341138311.png; https://d2j6dbq0eux0bg.cloudfront.net/images/125584354/products/793905011/5341137387.png; https://d2j6dbq0eux0bg.cloudfront.net/images/125584354/products/793905011/5341127168.png; https://d2j6dbq0eux0bg.cloudfront.net/images/125584354/products/793905011/5370716371.png; https://d2j6dbq0eux0bg.cloudfront.net/images/125584354/products/793905011/5370716377.png; https://d2j6dbq0eux0bg.cloudfront.net/images/125584354/products/793905011/5370718276.png; https://d2j6dbq0eux0bg.cloudfront.net/images/125584354/products/793905011/5370720504.png; https://d2j6dbq0eux0bg.cloudfront.net/images/125584354/products/793905011/5370720510.png; https://d2j6dbq0eux0bg.cloudfront.net/images/125584354/products/793905011/5370720516.png; https://d2j6dbq0eux0bg.cloudfront.net/images/125584354/products/793905011/5370720522.png; https://d2j6dbq0eux0bg.cloudfront.net/images/125584354/products/793905011/5370716383.png; https://d2j6dbq0eux0bg.cloudfront.net/images/125584354/products/793905011/5370718288.png; https://d2j6dbq0eux0bg.cloudfront.net/images/125584354/products/793905011/5370768590.png"
"TIMNBLH650LRF","ATN","ATN BlazeHunter 650 LRF","Wärmebildkameras","https://anblick.de/shop/ATN-BlazeHunter-650-LRF-p796067786","TIMNBLH650LRF","TIMNBLH650LRF","3800236903178","PRO-GRADE BILDSENSOR Ausgestattet mit einem ungekühlten Vanadiumoxid-Brennweitendetektor mit NETD Videoaufnahme: Nehmen Sie Ihre thermischen Beobachtungen mit hochwertiger Videoaufnahme auf und erleben Sie sie erneut, perfekt für die Verbesserung Ihrer Jagd- und Pfadfinderausflüge. Großes, vollfarbiges High-Definition-OLED-Display. Mit einem großen 0,41 Zoll OLED-Display mit einer Auflösung von 1440 x 1080 liefert der BlazeHunter die doppelte Pixeldichte anderer Zuschauer, um sicherzustellen, dass jedes Detail scharf und kristallklar ist und Ihnen in jeder Situation den Vorteil bietet. Lange Akkulaufzeit: Das austauschbare Akku-Design von BlazeHunter mit zwei wiederaufladbaren Batterien und einem Ladegerät bietet Benutzern bis zu 14 Stunden ununterbrochenen Betrieb – perfekt für ausgedehnte Abenteuer oder lange Jagden. Mehrere Betrachtungsmodi: Passen Sie Ihre Ansicht mit sechs verschiedenen Farbpaletten an: Weiß heiß, schwarz heiß, hochrot, eisenrot, grün heiß und Sepia – zugeschnitte","2049.00","0.00","0.00","Lieferung in 1-3 Werktagen","Paketdienst","NEW","https://d2j6dbq0eux0bg.cloudfront.net/images/125584354/products/796067786/5370726038.png; https://d2j6dbq0eux0bg.cloudfront.net/images/125584354/products/796067786/5370726588.png; https://d2j6dbq0eux0bg.cloudfront.net/images/125584354/products/796067786/5370726050.png; https://d2j6dbq0eux0bg.cloudfront.net/images/125584354/products/796067786/5370726556.png; https://d2j6dbq0eux0bg.cloudfront.net/images/125584354/products/796067786/5370726562.png; https://d2j6dbq0eux0bg.cloudfront.net/images/125584354/products/796067786/5370722935.png; https://d2j6dbq0eux0bg.cloudfront.net/images/125584354/products/796067786/5370726576.png; https://d2j6dbq0eux0bg.cloudfront.net/images/125584354/products/796067786/5370726074.png; https://d2j6dbq0eux0bg.cloudfront.net/images/125584354/products/796067786/5370726086.png; https://d2j6dbq0eux0bg.cloudfront.net/images/125584354/products/796067786/5370726582.png; https://d2j6dbq0eux0bg.cloudfront.net/images/125584354/products/796067786/5370768602.png"
"TIMNBLHXD50LRF","ATN","ATN BlazeHunter XD","Wärmebildkameras","https://anblick.de/shop/ATN-BlazeHunter-XD-p793470782","TIMNBLHXD50LRF","TIMNBLHXD50LRF","3800236903369","Erleben Sie die nächste Evolutionsstufe der Wärmebildtechnologie mit dem ATN BlazeHunter XD – einem Hochleistungs-Wärmebildmonokular, entwickelt für Jäger, Einsatzkräfte und Outdoor-Abenteurer, die kompromisslose Klarheit und Zuverlässigkeit verlangen. Angetrieben vom modernsten Thermal-Engine-Kern , den ATN je entwickelt hat, verfügt der BlazeHunter XD über einen 1280×1024 High-Definition-Wärmebildsensor mit 12 μm Pixelgröße und einer ultrasensitiven NETD-Wert von unter 15 mK . Mit über einer Million Pixeln mehr als herkömmliche Wärmebildgeräte liefert er gestochen scharfe Bilder und erkennt selbst minimalste Temperaturunterschiede. Das KI-unterstützte Bildoptimierungssystem hebt die Bildschärfe auf ein neues Niveau, indem es Ihre Sicht in Echtzeit dynamisch nachschärft . Ob völlige Dunkelheit, dichter Nebel oder starkes Gestrüpp – der BlazeHunter XD durchdringt alles und enthüllt verborgene Wärmesignaturen mit chirurgischer Präzision. Mit mehreren Anzeigemodi und einem integrierten L","4699.00","0.00","0.00","Lieferung in 1-3 Werktagen","Paketdienst","NEW","https://d2j6dbq0eux0bg.cloudfront.net/images/125584354/products/793470782/5331868545.png; https://d2j6dbq0eux0bg.cloudfront.net/images/125584354/products/793470782/5370729398.png; https://d2j6dbq0eux0bg.cloudfront.net/images/125584354/products/793470782/5370732072.png; https://d2j6dbq0eux0bg.cloudfront.net/images/125584354/products/793470782/5331865783.png; https://d2j6dbq0eux0bg.cloudfront.net/images/125584354/products/793470782/5331829861.png"
"TIMNBLS207","ATN","ATN BlazeSeeker 207","Wärmebildkameras","https://anblick.de/shop/ATN-BlazeSeeker-207-p796041183","TIMNBLS207","TIMNBLS207","3800236903819","Hochwertiger Thermosensor 256 x 192 (25 Hz), 12 μm (Mikrometer) Pixelgröße und ein 7 mm und 10 mm Objektiv für Erfassungsbereich bis zu 345 m. NETD-Bewertung Mehrere Betrachtungsmodi: Fünf Farbpaletten zur Auswahl: weiß heiß, schwarz heiß, eisenrot, Alarm, Sepia und Grün heiß für ein individuelles Seherlebnis. Videoaufnahme und Foto: Integrierte Standbild- und Videoaufnahmefähigkeiten. Videos und Bilder können auf einer MicroSD-Karte mit einer Kapazität von bis zu 256 GB gespeichert werden. Integriertes WLAN und App-Konnektivität: Kabellose Verbindung zu Smartphone und App, um das Monokular anzupassen, Fotos zu machen oder thermische Videos direkt vom Smartphone aufzunehmen.","449.00","0.00","0.00","Lieferung in 1-3 Werktagen","Paketdienst","NEW","https://d2j6dbq0eux0bg.cloudfront.net/images/125584354/products/796041183/5370519573.png; https://d2j6dbq0eux0bg.cloudfront.net/images/125584354/products/796041183/5370519591.png; https://d2j6dbq0eux0bg.cloudfront.net/images/125584354/products/796041183/5370533044.png; https://d2j6dbq0eux0bg.cloudfront.net/images/125584354/products/796041183/5370535036.png; https://d2j6dbq0eux0bg.cloudfront.net/images/125584354/products/796041183/5370536524.png; https://d2j6dbq0eux0bg.cloudfront.net/images/125584354/products/796041183/5370533050.png; https://d2j6dbq0eux0bg.cloudfront.net/images/125584354/products/796041183/5370536536.png; https://d2j6dbq0eux0bg.cloudfront.net/images/125584354/products/796041183/5370519585.png; https://d2j6dbq0eux0bg.cloudfront.net/images/125584354/products/796041183/5370535030.png"
"TIMNBLS210","ATN","ATN BlazeSeeker 210","Wärmebildkameras","https://anblick.de/shop/ATN-BlazeSeeker-210-p796040099","TIMNBLS210","TIMNBLS210","3800236903826","Hochwertiger Thermosensor 256 x 192 (25 Hz), 12 μm (Mikrometer) Pixelgröße und ein 7 mm und 10 mm Objektiv für Erfassungsbereich bis zu 460 m. NETD-Bewertung Mehrere Betrachtungsmodi: Fünf Farbpaletten zur Auswahl: weiß heiß, schwarz heiß, eisenrot, Alarm, Sepia und Grün heiß für ein individuelles Seherlebnis. Videoaufnahme und Foto: Integrierte Standbild- und Videoaufnahmefähigkeiten. Videos und Bilder können auf einer MicroSD-Karte mit einer Kapazität von bis zu 256 GB gespeichert werden. Integriertes WLAN und App-Konnektivität: Kabellose Verbindung zu Smartphone und App, um das Monokular anzupassen, Fotos zu machen oder thermische Videos direkt vom Smartphone aufzunehmen.","499.00","0.00","0.00","Lieferung in 1-3 Werktagen","Paketdienst","NEW","https://d2j6dbq0eux0bg.cloudfront.net/images/125584354/products/796040099/5370548306.png; https://d2j6dbq0eux0bg.cloudfront.net/images/125584354/products/796040099/5370549763.png; https://d2j6dbq0eux0bg.cloudfront.net/images/125584354/products/796040099/5370547861.png; https://d2j6dbq0eux0bg.cloudfront.net/images/125584354/products/796040099/5370549751.png; https://d2j6dbq0eux0bg.cloudfront.net/images/125584354/products/796040099/5370547867.png; https://d2j6dbq0eux0bg.cloudfront.net/images/125584354/products/796040099/5370547885.png; https://d2j6dbq0eux0bg.cloudfront.net/images/125584354/products/796040099/5370548312.png"
"TIMNBLT319","ATN","ATN BlazeTrek 6 319","Wärmebildkameras","https://anblick.de/shop/ATN-BlazeTrek-6-319-p796058539","TIMNBLT319","TIMNBLT319","3800236903833","Fortschrittlicher Thermosensor: 384 x 288 (50 Hz), 12 μm (Mikrometer) Pixelgröße und ein 19 mm Objektiv für Erfassungsbereich bis zu 990 m. NETD-NETD-Bewertung Mehrere Betrachtungsmodi: Fünf Farbpaletten zur Auswahl: weiß heiß, schwarz heiß, eisenrot, Alarm, Sepia und Grün heiß für ein individuelles Seherlebnis. Videoaufnahme und Foto: Integrierte Standbild- und Videoaufnahmefähigkeiten. Videos und Bilder können auf einer MicroSD-Karte mit einer Kapazität von bis zu 256 GB gespeichert werden. Integriertes WLAN und App-Konnektivität: Kabellose Verbindung mit Smartphone und App, um das Monokular anzupassen, Fotos zu machen oder thermische Videos direkt vom Smartphone aufzunehmen.","899.00","0.00","0.00","Lieferung in 1-3 Werktagen","Paketdienst","NEW","https://d2j6dbq0eux0bg.cloudfront.net/images/125584354/products/796058539/5370609818.png; https://d2j6dbq0eux0bg.cloudfront.net/images/125584354/products/796058539/5370611154.png; https://d2j6dbq0eux0bg.cloudfront.net/images/125584354/products/796058539/5370602714.png; https://d2j6dbq0eux0bg.cloudfront.net/images/125584354/products/796058539/5370602720.png; https://d2j6dbq0eux0bg.cloudfront.net/images/125584354/products/796058539/5370609792.png; https://d2j6dbq0eux0bg.cloudfront.net/images/125584354/products/796058539/5370602732.png; https://d2j6dbq0eux0bg.cloudfront.net/images/125584354/products/796058539/5370602738.png"
"TIMNBLT325","ATN","ATN BlazeTrek 6 325","Wärmebildkameras","https://anblick.de/shop/ATN-BlazeTrek-6-325-p796058540","TIMNBLT325","TIMNBLT325","3800236903840","Fortschrittlicher Thermosensor 384 x 288 (50 Hz), 12 μm (Mikrometer) Pixelgröße und 25 mm Objektiv für Erfassungsbereich bis zu 1300 m. NETD-NETD-Bewertung Mehrere Betrachtungsmodi: Fünf Farbpaletten zur Auswahl: weiß heiß, schwarz heiß, eisenrot, Alarm, Sepia und Grün heiß für ein individuelles Seherlebnis. Videoaufnahme und Foto: Integrierte Standbild- und Videoaufnahmefähigkeiten. Videos und Bilder können auf einer MicroSD-Karte mit einer Kapazität von bis zu 256 GB gespeichert werden. Integriertes WLAN und App-Konnektivität: Kabellose Verbindung mit Smartphone und App, um das Monokular anzupassen, Fotos zu machen oder thermische Videos direkt vom Smartphone aufzunehmen.","999.00","0.00","0.00","Lieferung in 1-3 Werktagen","Paketdienst","NEW","https://d2j6dbq0eux0bg.cloudfront.net/images/125584354/products/796058540/5370609982.png; https://d2j6dbq0eux0bg.cloudfront.net/images/125584354/products/796058540/5370611498.png; https://d2j6dbq0eux0bg.cloudfront.net/images/125584354/products/796058540/5370609964.png; https://d2j6dbq0eux0bg.cloudfront.net/images/125584354/products/796058540/5370611402.png; https://d2j6dbq0eux0bg.cloudfront.net/images/125584354/products/796058540/5370611408.png; https://d2j6dbq0eux0bg.cloudfront.net/images/125584354/products/796058540/5370609970.png; https://d2j6dbq0eux0bg.cloudfront.net/images/125584354/products/796058540/5370609976.png; https://d2j6dbq0eux0bg.cloudfront.net/images/125584354/products/796058540/5370764309.png"
"TIMNBLT619","ATN","ATN BlazeTrek 6 619","Wärmebildkameras","https://anblick.de/shop/ATN-BlazeTrek-6-619-p796057785","TIMNBLT619","TIMNBLT619","3800236903857","Fortschrittlicher Thermosensor 640 x 512 (50 Hz), 12 μm (Mikrometer) Pixelgröße und 19 mm Objektiv für Erfassungsbereich bis zu 990 m. NETD-NETD-Bewertung Mehrere Betrachtungsmodi: Fünf Farbpaletten zur Auswahl: weiß heiß, schwarz heiß, eisenrot, Alarm, Sepia und Grün heiß für ein individuelles Seherlebnis. Videoaufnahme und Foto: Integrierte Standbild- und Videoaufnahmefähigkeiten. Videos und Bilder können auf einer MicroSD-Karte mit einer Kapazität von bis zu 256 GB gespeichert werden. Integriertes WLAN und App-Konnektivität: Kabellose Verbindung mit Smartphone und App, um das Monokular anzupassen, Fotos zu machen oder thermische Videos direkt vom Smartphone aufzunehmen.","1199.00","0.00","0.00","Lieferung in 1-3 Werktagen","Paketdienst","NEW","https://d2j6dbq0eux0bg.cloudfront.net/images/125584354/products/796057785/5370625942.png; https://d2j6dbq0eux0bg.cloudfront.net/images/125584354/products/796057785/5370625966.png; https://d2j6dbq0eux0bg.cloudfront.net/images/125584354/products/796057785/5370621478.png; https://d2j6dbq0eux0bg.cloudfront.net/images/125584354/products/796057785/5370625948.png; https://d2j6dbq0eux0bg.cloudfront.net/images/125584354/products/796057785/5370621490.png; https://d2j6dbq0eux0bg.cloudfront.net/images/125584354/products/796057785/5370625960.png"
"TIMNBLT625","ATN","ATN BlazeTrek 6 625","Wärmebildkameras","https://anblick.de/shop/ATN-BlazeTrek-6-625-p793897321","TIMNBLT625","TIMNBLT625","3800236903864","Fortschrittlicher Thermosensor 640 x 512 (50 Hz), 12 μm (Mikrometer) Pixelgröße und 25 mm Objektiv für Erfassungsbereich bis zu 1300 m. NETD-NETD-Bewertung Mehrere Betrachtungsmodi: Fünf Farbpaletten zur Auswahl: weiß heiß, schwarz heiß, eisenrot, Alarm, Sepia und Grün heiß für ein individuelles Seherlebnis. Videoaufnahme und Foto: Integrierte Standbild- und Videoaufnahmefähigkeiten. Videos und Bilder können auf einer MicroSD-Karte mit einer Kapazität von bis zu 256 GB gespeichert werden. Integriertes WLAN und App-Konnektivität: Kabellose Verbindung mit Smartphone und App, um das Monokular anzupassen, Fotos zu machen oder thermische Videos direkt vom Smartphone aufzunehmen.","1299.00","0.00","0.00","Lieferung in 1-3 Werktagen","Paketdienst","NEW","https://d2j6dbq0eux0bg.cloudfront.net/images/125584354/products/793897321/5341026163.png; https://d2j6dbq0eux0bg.cloudfront.net/images/125584354/products/793897321/5370636050.png; https://d2j6dbq0eux0bg.cloudfront.net/images/125584354/products/793897321/5341037086.png; https://d2j6dbq0eux0bg.cloudfront.net/images/125584354/products/793897321/5341016472.png; https://d2j6dbq0eux0bg.cloudfront.net/images/125584354/products/793897321/5370633298.png; https://d2j6dbq0eux0bg.cloudfront.net/images/125584354/products/793897321/5370636068.png; https://d2j6dbq0eux0bg.cloudfront.net/images/125584354/products/793897321/5370633304.png; https://d2j6dbq0eux0bg.cloudfront.net/images/125584354/products/793897321/5370633610.png"
"TICO6225A","ATN","ATN Tico Gen 6 256","Wärmebildvorsatzgeräte","https://anblick.de/shop/ATN-Tico-Gen-6-256-p796057978","TICO6225A","TICO6225A","3800236903741","Das ATN TICO 6 definiert neu, was ein Wärmebild-Clip-On sein kann. Entwickelt für Schützen, die ihr vertrautes Tageszielfernrohr behalten möchten, verwandelt das TICO 6 Ihr Glas sofort in ein hochleistungsfähiges Wärmebildoptiksystem – ohne Einbußen bei Präzision, Balance oder Fadenkreuzgewohnheit. Ob bei der Raubtierjagd oder bei nächtlichen Einsätzen – das TICO 6 bietet nahtlose Flexibilität: einfach aufsetzen, wenn Sie Wärmebild benötigen, und genauso schnell wieder abnehmen. Im Herzen des TICO 6 arbeitet ATNs 6. Generation Thermal Engine – der fortschrittlichste Wärmesensorkern, den wir je entwickelt haben. Er liefert gestochen scharfe, detailreiche Bilder selbst bei absoluter Dunkelheit, Nebel oder dichter Vegetation. Mit einer thermischen Empfindlichkeit von ≤20 mK NETD (Modell 256×192) und ≤18 mK NETD (Modelle 384×288 und 640×512), bieten alle Varianten herausragende Erkennungsleistung und erfassen selbst die feinsten Wärmesignaturen. Zur weiteren Verbesserung der Bildqualität w","1099.00","0.00","0.00","Lieferung in 1-3 Werktagen","Paketdienst","NEW","https://d2j6dbq0eux0bg.cloudfront.net/images/125584354/products/796057978/5370744627.png; https://d2j6dbq0eux0bg.cloudfront.net/images/125584354/products/796057978/5370750052.png; https://d2j6dbq0eux0bg.cloudfront.net/images/125584354/products/796057978/5370744615.png; https://d2j6dbq0eux0bg.cloudfront.net/images/125584354/products/796057978/5370743457.png; https://d2j6dbq0eux0bg.cloudfront.net/images/125584354/products/796057978/5370744621.png"
"TICO6335A","ATN","ATN Tico Gen 6 384","Wärmebildvorsatzgeräte","https://anblick.de/shop/ATN-Tico-Gen-6-384-p796059226","TICO6335A","TICO6335A","3800236903758","Das ATN TICO 6 definiert neu, was ein Wärmebild-Clip-On sein kann. Entwickelt für Schützen, die ihr vertrautes Tageszielfernrohr behalten möchten, verwandelt das TICO 6 Ihr Glas sofort in ein hochleistungsfähiges Wärmebildoptiksystem – ohne Einbußen bei Präzision, Balance oder Fadenkreuzgewohnheit. Ob bei der Raubtierjagd oder bei nächtlichen Einsätzen – das TICO 6 bietet nahtlose Flexibilität: einfach aufsetzen, wenn Sie Wärmebild benötigen, und genauso schnell wieder abnehmen. Im Herzen des TICO 6 arbeitet ATNs 6. Generation Thermal Engine – der fortschrittlichste Wärmesensorkern, den wir je entwickelt haben. Er liefert gestochen scharfe, detailreiche Bilder selbst bei absoluter Dunkelheit, Nebel oder dichter Vegetation. Mit einer thermischen Empfindlichkeit von ≤20 mK NETD (Modell 256×192) und ≤18 mK NETD (Modelle 384×288 und 640×512), bieten alle Varianten herausragende Erkennungsleistung und erfassen selbst die feinsten Wärmesignaturen. Zur weiteren Verbesserung der Bildqualität w","1799.00","0.00","0.00","Lieferung in 1-3 Werktagen","Paketdienst","NEW","https://d2j6dbq0eux0bg.cloudfront.net/images/125584354/products/796059226/5370754523.png; https://d2j6dbq0eux0bg.cloudfront.net/images/125584354/products/796059226/5370753359.png; https://d2j6dbq0eux0bg.cloudfront.net/images/125584354/products/796059226/5370754517.png; https://d2j6dbq0eux0bg.cloudfront.net/images/125584354/products/796059226/5370754531.png; https://d2j6dbq0eux0bg.cloudfront.net/images/125584354/products/796059226/5370754501.png"
"TICO6650A","ATN","ATN Tico Gen 6 640","Wärmebildvorsatzgeräte","https://anblick.de/shop/ATN-Tico-Gen-6-640-p793460130","TICO6650A","TICO6650A","3800236903765","Das ATN TICO 6 definiert neu, was ein Wärmebild-Clip-On sein kann. Entwickelt für Schützen, die ihr vertrautes Tageszielfernrohr behalten möchten, verwandelt das TICO 6 Ihr Glas sofort in ein hochleistungsfähiges Wärmebildoptiksystem – ohne Einbußen bei Präzision, Balance oder Fadenkreuzgewohnheit. Ob bei der Raubtierjagd oder bei nächtlichen Einsätzen – das TICO 6 bietet nahtlose Flexibilität: einfach aufsetzen, wenn Sie Wärmebild benötigen, und genauso schnell wieder abnehmen. Im Herzen des TICO 6 arbeitet ATNs 6. Generation Thermal Engine – der fortschrittlichste Wärmesensorkern, den wir je entwickelt haben. Er liefert gestochen scharfe, detailreiche Bilder selbst bei absoluter Dunkelheit, Nebel oder dichter Vegetation. Mit einer thermischen Empfindlichkeit von ≤20 mK NETD (Modell 256×192) und ≤18 mK NETD (Modelle 384×288 und 640×512), bieten alle Varianten herausragende Erkennungsleistung und erfassen selbst die feinsten Wärmesignaturen. Zur weiteren Verbesserung der Bildqualität w","2999.00","0.00","0.00","Lieferung in 1-3 Werktagen","Paketdienst","NEW","https://d2j6dbq0eux0bg.cloudfront.net/images/125584354/products/793460130/5370756270.png; https://d2j6dbq0eux0bg.cloudfront.net/images/125584354/products/793460130/5370754559.png; https://d2j6dbq0eux0bg.cloudfront.net/images/125584354/products/793460130/5370756258.png; https://d2j6dbq0eux0bg.cloudfront.net/images/125584354/products/793460130/5370756252.png; https://d2j6dbq0eux0bg.cloudfront.net/images/125584354/products/793460130/5370756276.png"
"4FRM4LG5VG","ATN","ATN X-Sound Gehörschutz","Zubehör / Gehörschutz","https://anblick.de/shop/ATN-X-Sound-Gehorschutz-p799102049","4FRM4LG5VG","4FRM4LG5VG","","Extrem leichter, ergonomisch optimierter Gehörschutz, der beim Schießen nicht stört und trotzdem das Gehör hervorragend schützt. Per Bluetooth-Funktion, einfach mit Ihrem Mobiltelefon zu verbinden.","128.00","0.00","0.00","Lieferung in 1-3 Werktagen","Paketdienst","NEW","https://d2j6dbq0eux0bg.cloudfront.net/images/125584354/5410137686.png; https://d2j6dbq0eux0bg.cloudfront.net/images/125584354/5410183886.png"
